{"cameraMode":{"drawMode":0,"name":"Shaded","section":"Shading Mode"},"sceneLighting":true,"audioPlay":false,"sceneViewState":{"m_AlwaysRefresh":false,"showFog":true,"showSkybox":true,"showFlares":true,"showImageEffects":true,"showParticleSystems":true,"showVisualEffectGraphs":true,"m_FxEnabled":true},"in2DMode":false,"pivot":{"x":-4.201027870178223,"y":1.8794810771942139,"z":-1.240889310836792},"rotation":{"x":0.19212819635868073,"y":-0.04091392457485199,"z":0.008016346022486687,"w":0.9804871082305908},"size":0.45454591512680056,"orthographic":false}