{"cameraMode":{"drawMode":0,"name":"Shaded","section":"Shading Mode"},"sceneLighting":false,"audioPlay":false,"sceneViewState":{"m_AlwaysRefresh":false,"showFog":true,"showSkybox":false,"showFlares":true,"showImageEffects":true,"showParticleSystems":true,"showVisualEffectGraphs":true,"m_FxEnabled":true},"in2DMode":false,"pivot":{"x":0.6525550484657288,"y":3.508174180984497,"z":-0.14060130715370179},"rotation":{"x":0.00009354813664685935,"y":0.999140202999115,"z":-0.041547685861587527,"w":0.002234886633232236},"size":1.4192441701889039,"orthographic":false}