{"cameraMode":{"drawMode":0,"name":"Shaded","section":"Shading Mode"},"sceneLighting":true,"audioPlay":false,"sceneViewState":{"m_AlwaysRefresh":false,"showFog":true,"showSkybox":true,"showFlares":true,"showImageEffects":true,"showParticleSystems":true,"showVisualEffectGraphs":true,"m_FxEnabled":true},"in2DMode":false,"pivot":{"x":6.352341651916504,"y":14.37934684753418,"z":0.11295782774686814},"rotation":{"x":-0.007651356048882008,"y":0.9765655994415283,"z":-0.21203932166099549,"w":-0.03520156815648079},"size":2.8846359252929689,"orthographic":false}