{"cameraMode":{"drawMode":0,"name":"Shaded","section":"Shading Mode"},"sceneLighting":true,"audioPlay":false,"sceneViewState":{"m_AlwaysRefresh":false,"showFog":true,"showSkybox":true,"showFlares":true,"showImageEffects":true,"showParticleSystems":true,"showVisualEffectGraphs":true,"m_FxEnabled":true},"in2DMode":false,"pivot":{"x":25.914840698242189,"y":17.22557830810547,"z":-2.8405990600585939},"rotation":{"x":-0.0007803257321938872,"y":0.9972105026245117,"z":-0.07348650693893433,"w":-0.0105029521510005},"size":22.127710342407228,"orthographic":false}