{"cameraMode":{"drawMode":0,"name":"Shaded","section":"Shading Mode"},"sceneLighting":true,"audioPlay":false,"sceneViewState":{"m_AlwaysRefresh":false,"showFog":true,"showSkybox":true,"showFlares":true,"showImageEffects":true,"showParticleSystems":true,"showVisualEffectGraphs":true,"m_FxEnabled":true},"in2DMode":false,"pivot":{"x":24.06407356262207,"y":14.953198432922364,"z":0.11656144261360169},"rotation":{"x":-0.010785059072077275,"y":0.9773041009902954,"z":-0.051355719566345218,"w":-0.20524178445339204},"size":0.23908433318138123,"orthographic":false}