{"cameraMode":{"drawMode":0,"name":"Shaded","section":"Shading Mode"},"sceneLighting":true,"audioPlay":false,"sceneViewState":{"m_AlwaysRefresh":false,"showFog":true,"showSkybox":true,"showFlares":true,"showImageEffects":true,"showParticleSystems":true,"showVisualEffectGraphs":true,"m_FxEnabled":true},"in2DMode":false,"pivot":{"x":27.499807357788087,"y":15.33808708190918,"z":0.6754803657531738},"rotation":{"x":0.011901467107236386,"y":0.982749879360199,"z":-0.17153967916965486,"w":0.06821511685848236},"size":3.610567331314087,"orthographic":false}