{"cameraMode":{"drawMode":0,"name":"Shaded","section":"Shading Mode"},"sceneLighting":true,"audioPlay":false,"sceneViewState":{"m_AlwaysRefresh":false,"showFog":true,"showSkybox":true,"showFlares":true,"showImageEffects":true,"showParticleSystems":true,"showVisualEffectGraphs":true,"m_FxEnabled":true},"in2DMode":false,"pivot":{"x":6.902340888977051,"y":13.340673446655274,"z":0.03838840126991272},"rotation":{"x":0.04667658731341362,"y":0.7895137071609497,"z":0.06051590293645859,"w":-0.6089589595794678},"size":0.3613196611404419,"orthographic":false}