{"cameraMode":{"drawMode":0,"name":"Shaded","section":"Shading Mode"},"sceneLighting":true,"audioPlay":false,"sceneViewState":{"m_AlwaysRefresh":false,"showFog":true,"showSkybox":true,"showFlares":true,"showImageEffects":true,"showParticleSystems":true,"showVisualEffectGraphs":true,"m_FxEnabled":true},"in2DMode":false,"pivot":{"x":7.478614330291748,"y":15.303132057189942,"z":0.004600048065185547},"rotation":{"x":-0.0020748290698975326,"y":0.9978924989700317,"z":0.04162673279643059,"w":0.04973713681101799},"size":2.907212018966675,"orthographic":false}