{"cameraMode":{"drawMode":0,"name":"Shaded","section":"Shading Mode"},"sceneLighting":false,"audioPlay":false,"sceneViewState":{"m_AlwaysRefresh":false,"showFog":true,"showSkybox":false,"showFlares":true,"showImageEffects":true,"showParticleSystems":true,"showVisualEffectGraphs":true,"m_FxEnabled":true},"in2DMode":false,"pivot":{"x":0.48301687836647036,"y":0.5168760418891907,"z":0.7896137237548828},"rotation":{"x":-0.002583522582426667,"y":0.9839566946029663,"z":-0.17769497632980348,"w":-0.014305061660706997},"size":2.6395232677459719,"orthographic":false}