{"cameraMode":{"drawMode":0,"name":"Shaded","section":"Shading Mode"},"sceneLighting":false,"audioPlay":false,"sceneViewState":{"m_AlwaysRefresh":false,"showFog":true,"showSkybox":false,"showFlares":true,"showImageEffects":true,"showParticleSystems":true,"showVisualEffectGraphs":true,"m_FxEnabled":true},"in2DMode":false,"pivot":{"x":3.0113024711608888,"y":-0.21055346727371217,"z":0.6654852628707886},"rotation":{"x":-0.08366578072309494,"y":0.9160451292991638,"z":-0.2888100743293762,"w":-0.26535069942474368},"size":1.2625607252120972,"orthographic":false}