{"cameraMode":{"drawMode":0,"name":"Shaded","section":"Shading Mode"},"sceneLighting":true,"audioPlay":false,"sceneViewState":{"m_AlwaysRefresh":false,"showFog":true,"showSkybox":true,"showFlares":true,"showImageEffects":true,"showParticleSystems":true,"showVisualEffectGraphs":true,"m_FxEnabled":true},"in2DMode":false,"pivot":{"x":-0.7752777338027954,"y":0.601507842540741,"z":-0.2683945894241333},"rotation":{"x":-0.06886553764343262,"y":0.8265703320503235,"z":-0.10370270907878876,"w":-0.5488963723182678},"size":1.0426688194274903,"orthographic":false}